Per Olsen,per.olsen@sysco.no,2020-07-06,2020-07-07,2020-07-08,2020-07-09,2020-07-10,2020-07-13,2020-07-14,2020-07-15,2020-07-16,2020-07-17,2020-07-20,2020-07-21,2020-07-22,2020-07-23,2020-07-24	
Trond Berg,trond.berg@sysco.no,2020-07-20,2020-07-21,2020-07-22,2020-07-23,2020-07-24,2020-07-27,2020-07-28,2020-07-29,2020-07-30,2020-07-31,2020-08-03,2020-08-04,2020-08-05,2020-08-06,2020-08-07,2020-08-10,2020-08-11,2020-08-12,2020-08-13,2020-08-14,2020-09-28,2020-09-29,2020-09-30,2020-10-01,2020-10-02	
Roger Hansen,roger.hansen@sysco.no	
David Smith,david.smith@sysco.no,2020-07-06,2020-07-07,2020-07-08,2020-07-09,2020-07-10,2020-07-13,2020-07-14,2020-07-15,2020-07-16,2020-07-17,2020-07-20,2020-07-21,2020-07-22,2020-07-23,2020-07-24,2020-07-27,2020-07-28,2020-07-29,2020-07-30,2020-07-31	
Trine Mostad,trine.mostad@sysco.no,2020-07-06,2020-07-07,2020-07-08,2020-07-09,2020-07-10,2020-07-13,2020-07-14,2020-07-15,2020-07-16,2020-07-17,2020-07-20,2020-07-21,2020-07-22,2020-07-23,2020-07-24	